paper_name,paper_link,code_link,year,authors,venue,venue_short,section,category,medical_domain,modality,task,jepa_variant,model_name,doi,project_link,dataset_link,code_status,official_code,source_in_survey,inclusion_type,verification_status,notes
Self-Supervised Learning from Images with a Joint-Embedding Predictive Architecture,https://arxiv.org/abs/2301.08243,https://github.com/facebookresearch/ijepa,2023,"Assran, Mahmoud; Duval, Quentin; Misra, Ishan; Bojanowski, Piotr; Vincent, Pascal; Rabbat, Michael; LeCun, Yann; Ballas, Nicolas",IEEE/CVF CVPR 2023,CVPR,Foundations > Architectures,Foundational architecture,General computer vision,Images,Self-supervised visual representation learning,I-JEPA,I-JEPA,10.1109/CVPR52729.2023.01499,https://github.com/facebookresearch/ijepa,,Verified official repository,Yes,Yes,Foundational JEPA,Metadata and official code verified,CVPR 2023 paper (venue corrected from ICCV to match DOI); official Meta implementation.
Revisiting Feature Prediction for Learning Visual Representations from Video,https://arxiv.org/abs/2404.08471,https://github.com/facebookresearch/jepa,2024,"Bardes, Adrien; Garrido, Quentin; Ponce, Jean; Chen, Xinlei; Rabbat, Michael; LeCun, Yann; Assran, Mahmoud; Ballas, Nicolas",Transactions on Machine Learning Research (TMLR),TMLR,Foundations > Architectures,Foundational architecture,General computer vision,Video,Self-supervised video representation learning,V-JEPA,V-JEPA,10.48550/arXiv.2404.08471,https://github.com/facebookresearch/jepa,,Verified official repository,Yes,Yes,Foundational JEPA,Metadata and official code verified,TMLR publication; official Meta codebase.
"V-JEPA 2: Self-Supervised Video Models Enable Understanding, Prediction and Planning",https://arxiv.org/abs/2506.09985,https://github.com/facebookresearch/vjepa2,2025,"Assran, Mahmoud; Bardes, Adrien; Fan, David; Garrido, Quentin; Howes, Russell; Komeili, Mojtaba; Muckley, Matthew; Rizvi, Ammar; Roberts, Claire; Sinha, Koustuv; Zholus, Artem; Arnaud, Sergio; Gejji, Abha; Martin, Ada; Hogan, Francois Robert; Dugas, Daniel; Bojanowski, Piotr; Khalidov, Vasil; Labatut, Patrick; Massa, Francisco; Szafraniec, Marc; Krishnakumar, Kapil; Li, Yong; Ma, Xiaodong; Chandar, Sarath; Meier, Franziska; LeCun, Yann; Rabbat, Michael; Ballas, Nicolas",arXiv preprint,arXiv,Foundations > Architectures,Foundational architecture,General computer vision and robotics,Video,"Video understanding, prediction and planning",V-JEPA 2,V-JEPA 2,10.48550/arXiv.2506.09985,https://github.com/facebookresearch/vjepa2,,Verified official repository,Yes,Yes,Foundational JEPA,Metadata and official code verified,arXiv record and official Meta codebase checked.
LeJEPA: Provable and Scalable Self-Supervised Learning Without the Heuristics,https://arxiv.org/abs/2511.08544,https://github.com/galilai-group/lejepa,2025,"Balestriero, Randall; LeCun, Yann",arXiv preprint,arXiv,Foundations > Theory & Objectives,Foundational objective/theory,General machine learning,General representations,Theory and scalable self-supervised objective,LeJEPA / SIGReg,LeJEPA,10.48550/arXiv.2511.08544,https://github.com/galilai-group/lejepa,,Verified official repository,Yes,Yes,Foundational JEPA,Metadata and official code verified,Foundational objective/theory; not itself a medical application.
How JEPA Avoids Noisy Features: The Implicit Bias of Deep Linear Self Distillation Networks,https://arxiv.org/abs/2407.03475,,2024,"Littwin, Etai; Saremi, Omid; Advani, Madhu; Thilak, Vimal; Nakkiran, Preetum; Huang, Chen; Susskind, Joshua",NeurIPS 2024,NeurIPS,Foundations > Theory & Objectives,Foundational theory,General machine learning,Images / representations,Analyze JEPA-related implicit bias and noisy features,JEPA theory,Deep linear self-distillation networks,10.48550/arXiv.2407.03475,,,No verified official implementation located,No,Yes,Foundational JEPA,Metadata verified; code not verified,Theoretical analysis rather than a clinical application.
Brain-JEPA: Brain Dynamics Foundation Model with Gradient Positioning and Spatiotemporal Masking,https://neurips.cc/virtual/2024/poster/94113,https://github.com/Eric-LRL/Brain-JEPA,2024,"Dong, Zijian; Li, Ruilin; Wu, Yilei; Nguyen, Thuan Tinh; Chong, Joanna Su Xian; Ji, Fang; Tong, Nathanael Ren Jie; Chen, Christopher Li Hsian; Zhou, Juan Helen",NeurIPS 2024,NeurIPS,Medical Imaging > Neuroimaging,Neuroimaging,Brain activity / neuroscience,fMRI time series,"Demographic prediction, diagnosis/prognosis, trait prediction",JEPA,Brain-JEPA,10.48550/arXiv.2409.19407,https://github.com/Eric-LRL/Brain-JEPA,,Verified official repository,Yes,Yes,Direct Medical JEPA,Metadata and official code verified,NeurIPS official record links the project repository.
Learning General Representation of 12-Lead Electrocardiogram with a Joint-Embedding Predictive Architecture,https://arxiv.org/abs/2410.08559,https://github.com/sehunfromdaegu/ECG_JEPA,2024,Sehun Kim,arXiv preprint,arXiv,Physiological Signals > ECG,Physiological signals,Cardiology,12-lead ECG,"Diagnostic classification, representation extraction and ECG segmentation",JEPA,ECG-JEPA,10.48550/arXiv.2410.08559,https://github.com/sehunfromdaegu/ECG_JEPA,,Verified official repository,Yes,Yes,Direct Medical JEPA,Metadata and official code verified,ArXiv page explicitly links the author code repository.
Self-Supervised Pre-Training with Joint-Embedding Predictive Architecture Boosts ECG Classification Performance,https://doi.org/10.1016/j.compbiomed.2025.110809,https://github.com/kweimann/ECG-JEPA,2025,Kuba Weimann; Tim O. F. Conrad,Computers in Biology and Medicine (2025); arXiv preprint,Comput. Biol. Med.,Physiological Signals > ECG,Physiological signals,Cardiology,ECG,ECG classification transfer,JEPA,ECG-JEPA (Weimann & Conrad),10.1016/j.compbiomed.2025.110809,https://github.com/kweimann/ECG-JEPA,,Verified official repository,Yes,Yes,Direct Medical JEPA,Metadata and official code verified,Distinct paper from Sehun Kim’s ECG-JEPA; publication and author-owned code verified.
Joint-Embedding Masked Autoencoder for Self-supervised Learning of Dynamic Functional Connectivity from the Human Brain,https://arxiv.org/abs/2403.06432,,2024,Jungwon Choi; Hyungi Lee; Byung-Hoon Kim; Juho Lee,arXiv preprint (under review per arXiv record),arXiv,Medical Imaging > Neuroimaging,Neuroimaging,Brain functional connectivity,fMRI-derived dynamic graphs,Phenotype and psychiatric diagnosis prediction,JEPA-inspired joint-embedding prediction,ST-JEMA,10.48550/arXiv.2403.06432,,,No verified official implementation located,No,Yes,JEPA-inspired Medical,Metadata verified; code not verified,Authors describe ST-JEMA as drawing inspiration from JEPA; not labeled as a direct JEPA implementation.
A Vision Foundation Model for Cataract Surgery Using Joint-Embedding Predictive Architecture,https://proceedings.mlr.press/v301/shah26b.html,,2026,Nisarg A. Shah; Mingze Xia; Subhasri Vijay; Shameema Sikder; S. Swaroop Vedula; Vishal M. Patel,"MIDL 2026, PMLR 301:1430–1444",MIDL,Surgical Video,Surgical video,Ophthalmology / cataract surgery,Surgical video,"Surgical step recognition, feedback and skill assessment",JEPA,JHU-VPT(JEPA),,,,No verified official implementation located,No,Yes,Direct Medical JEPA,Metadata verified; code not verified,"Corrected year to 2026, as shown by PMLR proceedings; bibliography listed 2025."
PhysioJEPA: Joint Embedding Representations of Physiological Signals for Real Time Risk Estimation in the Intensive Care Unit,https://proceedings.mlr.press/v297/fox26a.html,https://github.com/benmfox/PhysioJEPA,2026,Benjamin Fox; Dung Hoang; Joy Jiang; Pushkala Jayaraman; Ankit Parekh; Girish N. Nadkarni; Ankit Sakhuja,"Machine Learning for Health Symposium, PMLR 297:120–135",ML4H,Physiological Signals > Multimodal & ICU Monitoring,Physiological signals,Critical care,"Arterial blood pressure, ECG lead II, PPG",Short-horizon hypotension and shock-index risk estimation,JEPA,PhysioJEPA,,https://github.com/benmfox/PhysioJEPA,,Verified official repository,Yes,Yes,Direct Medical JEPA,Metadata and official code verified,Publisher record and software link verified; proceedings year is 2026 (bibliography listed 2025).
From Video to EEG: Adapting Joint Embedding Predictive Architecture to Uncover Spatiotemporal Dynamics in Brain Signal Analysis,https://arxiv.org/abs/2507.03633,,2025,Amirabbas Hojjati; Lu Li; Ibrahim Hameed; Anis Yazidi; Pedro G. Lind; Rabindra Khadka,arXiv preprint,arXiv,Physiological Signals > EEG,Physiological signals,Neurology / brain signals,Multichannel EEG,EEG classification and interpretable spatiotemporal representations,V-JEPA adaptation,EEG-VJEPA,10.48550/arXiv.2507.03633,,,No verified official implementation located,No,Yes,Direct Medical JEPA,Metadata verified; code not verified,Title spelling normalized to arXiv’s current metadata (“Spatiotemporal”); no official code link located.
Self-Supervised Ultrasound-Video Segmentation with Feature Prediction and 3D Localised Loss,https://arxiv.org/abs/2507.18424,,2025,"Ellis, Edward; Mendel, Robert; Bulpitt, Andrew; Parsa, Nasim; Byrne, Michael F.; Ali, Sharib",arXiv preprint,arXiv,Medical Imaging > Ultrasound,Medical imaging,Ultrasound,Ultrasound video,Self-supervised representation pretraining for segmentation,V-JEPA feature prediction,V-JEPA + 3D localisation loss,10.48550/arXiv.2507.18424,,,No verified official implementation located,No,Yes,JEPA-inspired Medical,Metadata verified; code not verified,Directly adapts V-JEPA feature prediction for ultrasound video; no verified official code link found.
Self-Supervised Learning of Imaging and Clinical Signatures Using a Multimodal Joint-Embedding Predictive Architecture,https://arxiv.org/abs/2509.15470,,2025,"Li, Thomas Z.; Krishnan, Aravind R.; Zuo, Lianrui; Still, John M.; Sandler, Kim L.; Maldonado, Fabien; Lasko, Thomas A.; Landman, Bennett A.",arXiv preprint,arXiv,Medical Imaging > Radiology,Radiology / multimodal learning,Pulmonary nodule diagnosis,CT + longitudinal EHR,Nodule diagnosis / multimodal clinical prediction,Multimodal JEPA,Multimodal imaging–clinical JEPA,10.48550/arXiv.2509.15470,,,No verified official implementation located,No,Yes,Direct Medical JEPA,Metadata verified; code not verified,ArXiv verifies the predictive imaging-plus-clinical representation method; no official repository verified.
GeneJEPA: A Predictive World Model of the Transcriptome,https://www.biorxiv.org/content/10.1101/2025.10.14.682378v1,https://github.com/BiostateAI/GeneJEPA,2025,Elon Litman; Tyler Myers; Vinayak Agarwal; Ekansh Mittal; Orion Li; Ashwin Gopinath; Timothy Kassis,bioRxiv preprint,bioRxiv,Molecular & Single-Cell Biology > Single-Cell Transcriptomics,Molecular / genomics,Transcriptomics,Single-cell RNA-seq,"Cell-state representation, drug-response and perturbation prediction",JEPA,GeneJEPA,10.1101/2025.10.14.682378,https://github.com/BiostateAI/GeneJEPA,,Verified official repository,Yes,Yes,Direct Medical JEPA,Metadata and official code verified,bioRxiv record explicitly labels it a preprint not certified by peer review; code link on the record.
Health system learning enables generalist neuroimaging models,https://doi.org/10.1038/s41591-026-04497-1,,2026,Akhil Kondepudi; Akshay Rao; Chenhui Zhao; Yiwei Lyu; Samir Harake; Soumyanil Banerjee; Jacob Ogle; Rushikesh Joshi; Anna-Katharina Meissner; Xinhai Hou; Cheng Jiang; Asadur Chowdury; Ashok Srinivasan; Brian Athey; Vikas Gulani; Aditya Pandey; Honglak Lee; Todd Hollon,Nature Medicine,Nature Medicine,Medical Imaging > Neuroimaging,Neuroimaging,Neuroimaging,MRI / volumetric neuroimaging,Generalist neuroimaging representation and clinical downstream evaluation,Volumetric predictive architecture (Vol-JEPA label in survey bibliography),NeuroVFM,10.1038/s41591-026-04497-1,,,No verified official implementation located,No,Yes,Direct Medical JEPA,Metadata verified; code not verified,"Nature Medicine describes a scalable volumetric predictive architecture; the manuscript bibliography associates the preprint with the Vol-JEPA label. Publisher DOI, title, authors and 2026 publication date verified."
RadJEPA: Radiology Encoder for Chest X-Rays via Joint Embedding Predictive Architecture,https://arxiv.org/abs/2601.15891,https://github.com/aidelab-iitbombay/RadJEPA,2026,"Khan, Anas Anwarul Haq; Husain, Mariam; Jalan, Pratik; Jadhav, Kshitij",EMNLP 2026 (accepted; arXiv preprint),EMNLP,Medical Imaging > Radiology,Radiology,Chest radiology,Chest X-ray,Radiology report generation and transfer classification/segmentation,I-JEPA adaptation,RadJEPA,10.48550/arXiv.2601.15891,https://github.com/aidelab-iitbombay/RadJEPA,,Verified official repository,Yes,Yes,Direct Medical JEPA,Metadata and official code verified,arXiv reports EMNLP 2026 acceptance; official repository identified as the authors’ project.
EchoJEPA: A Latent Predictive Foundation Model for Echocardiography,https://arxiv.org/abs/2602.02603,https://github.com/bowang-lab/EchoJEPA,2026,"Munim, Alif; Fallahpour, Adibvafa; Szasz, Teodora; Attarpour, Ahmadreza; Jiang, River; Sooriyakanthan, Brana; Sooriyakanthan, Maala; Whitney, Heather; Slivnick, Jeremy; Rubin, Barry; Tsang, Wendy; Wang, Bo",arXiv preprint,arXiv,Medical Imaging > Cardiac Imaging,Cardiac imaging,Cardiology,Echocardiography video,"LVEF/RVSP estimation, view classification and transfer",JEPA / latent prediction,EchoJEPA,10.48550/arXiv.2602.02603,https://github.com/bowang-lab/EchoJEPA,,Verified official repository,Yes,Yes,Direct Medical JEPA,Metadata and official code verified,arXiv metadata verified; official project repository found in author/lab materials.
Learning Sparse Latent Predictive Foundation Model for Multimodal Neuroimaging,https://arxiv.org/abs/2606.14957,https://github.com/NYUMedML/Neuro-JEPA,2026,"Huang, Haoxu; Chen, Long; Chen, Jingyun; Hyun, Jinu; Loftus, James Ryan; Melmed, Kara; Orringer, Daniel; Frontera, Jennifer; Dehkharghani, Seena; Masurkar, Arjun; Razavian, Narges",arXiv preprint (under review per arXiv record),arXiv,Medical Imaging > Neuroimaging,Neuroimaging,Brain MRI,"T1w, T2w and FLAIR MRI volumes",Multimodal neuroimaging foundation representations across clinical and research tasks,V-JEPA 2-derived sparse latent prediction,Neuro-JEPA,10.48550/arXiv.2606.14957,https://github.com/NYUMedML/Neuro-JEPA,,Verified official repository,Yes,Yes,Direct Medical JEPA,Metadata and official code verified,ArXiv v5 metadata and linked official NYUMedML repository verified.
EEG-JEPA: Structured Latent Prediction for EEG Foundation Models,https://arxiv.org/abs/2608.00114,https://github.com/SWF-hao/EEG-JEPA-official,2026,"Li, Jinhao; Ma, Zhiyuan; Han, Xueqiao; Xia, Zhongye; Zhang, Xinche; Xie, Shanghong; Liu, Yixuan; Li, Yongjian; Gan, Runmin; Huo, Tianlin; Song, Sen",arXiv preprint,arXiv,Physiological Signals > EEG,Physiological signals,Neurology,EEG,EEG foundation representation learning,Structured JEPA latent prediction,EEG-JEPA,10.48550/arXiv.2608.00114,https://github.com/SWF-hao/EEG-JEPA-official,,Verified official repository,Yes,Yes,Direct Medical JEPA,Metadata and official code verified,Paper full text identifies the linked implementation as official.
Beyond Patient Invariance: Learning Cardiac Dynamics via Action-Conditioned JEPAs,https://arxiv.org/abs/2604.22618,,2026,"Fernandes, Jose Geraldo; Facury, Luiz; Dutenhefner, Pedro Robles; Meira Jr., Wagner",ICLR 2026 Workshop on World Models (per manuscript citation); arXiv preprint,ICLR Workshop,Physiological Signals > Multimodal & ICU Monitoring,Physiological signals,Cardiac dynamics,Physiological/cardiac signals,Action-conditioned prediction of cardiac state dynamics,Action-conditioned JEPA,Cardiac dynamics JEPA,10.48550/arXiv.2604.22618,,,No verified official implementation located,No,Yes,Direct Medical JEPA,Metadata verified; code not verified,Metadata record verified on arXiv; workshop attribution is from manuscript bibliography.
JPathGene: Cross-Modal Latent Diffusion Predictive Learning between Histopathology Images and Genetic Profiles,https://papers.miccai.org/miccai-2026-sat/MultiTab_018.html,https://github.com/JianJiaXian/JPathGene,2026,Jia-Xian Jian; Wei-Chieh Sun; Shih-Chih Lin; Fang-Yi Lin; YunTung Chu; Jenq-Neng Hwang; Pau-Choo Chung,"MICCAI 2026 Workshops and Challenges, MultiTab satellite event (camera-ready open-access record)",MICCAI Workshop,Medical Imaging > Computational Pathology,Computational pathology / multimodal,Oncology,Histopathology images + genomic profiles,Cross-modal representation and molecular/anatomic endpoint prediction,I-JEPA-inspired cross-modal latent prediction with latent diffusion,JPathGene / CoRE-Fusion,,https://github.com/JianJiaXian/JPathGene,,Verified official repository,Yes,Yes,Direct Medical JEPA,Metadata and official code verified,MICCAI Society record says Springer DOI pending and explicitly names the official repository.
Clin-JEPA: A Multi-Phase Co-Training Framework for Joint-Embedding Predictive Pretraining on EHR Patient Trajectories,https://arxiv.org/abs/2605.10840,https://github.com/Kamaleswaran-Lab/Clin-JEPA,2026,"Yang, Yixuan; Arora, Mehak; Zhang, Ryan; Abed, Baraa; Kim, Junseob; Choudhary, Tilendra; Hassanuzzaman, Md; Zhu, Kevin; Ali, Ayman; Yang, Chengkun; Gent, Alasdair Edward; Moas, Victor; Kamaleswaran, Rishikesan",arXiv preprint,arXiv,EHR & Clinical Trajectories,EHR / clinical trajectories,Critical care / longitudinal care,Hourly EHR trajectories,"Latent trajectory modeling, risk separation and multi-task transfer",JEPA with co-trained trajectory predictor,Clin-JEPA,10.48550/arXiv.2605.10840,https://github.com/Kamaleswaran-Lab/Clin-JEPA,,Verified official repository,Yes,Yes,Direct Medical JEPA,Metadata and official code verified,ArXiv v5 and code link verified in paper record.
US-JEPA: A Joint Embedding Predictive Architecture for Ultrasound,https://arxiv.org/abs/2602.19322,,2026,Ashwath Radhachandran; Vedrana Ivezić; Shreeram Athreya; Corey W. Arnold; William Speier,arXiv preprint,arXiv,Medical Imaging > Ultrasound,Medical imaging,Ultrasound,Ultrasound images,Label-efficient representations and classification across organs/pathologies,Static-teacher asymmetric latent training (SALT) JEPA,US-JEPA,10.48550/arXiv.2602.19322,,,No verified official implementation located,No,Yes,Direct Medical JEPA,Metadata verified; code not verified,Exact title/authors corrected to arXiv v2 metadata; no official code linked on arXiv page.
Contrastive Joint-Embedding Prediction for Representation Learning in Structural MRI,https://arxiv.org/abs/2607.11962,,2026,"Mager, Fabian; Hansen, Lars Kai",arXiv preprint,arXiv,Medical Imaging > Neuroimaging,Neuroimaging,Neuroimaging,Structural MRI,MRI representation learning,Contrastive JEPA (COJEPA),COJEPA,10.48550/arXiv.2607.11962,,,No verified official implementation located,No,Yes,Direct Medical JEPA,Metadata verified; code not verified,arXiv record is the verified source; code not verified.
AEGIS: A Multi-Task Joint-Embedding Predictive Architecture for Mammography,https://arxiv.org/abs/2607.00277,,2026,"Waggener, Scott Chase; Navuluru, Sai Karthik; Tamil, Lakshman",arXiv preprint,arXiv,Medical Imaging > Radiology,Radiology,Breast imaging,Mammography,Breast cancer detection and density assessment,Multi-task JEPA,AEGIS,10.48550/arXiv.2607.00277,,,No verified official implementation located,No,Yes,Direct Medical JEPA,Metadata verified; code not verified,arXiv record verified; no official repository verified.
Rad-JEPA 3D: Radiology Joint-Embedding Predictive Model for 3D Computed Tomography,https://arxiv.org/abs/2607.26196,,2026,"Trinh, Quoc-Huy; Nguyen, Minh-Van; Bagci, Ulas",arXiv preprint,arXiv,Medical Imaging > Radiology,Radiology,Radiology,3D CT,Volumetric radiology representation learning,3D JEPA,Rad-JEPA 3D,10.48550/arXiv.2607.26196,,,No verified official implementation located,No,Yes,Direct Medical JEPA,Metadata verified; code not verified,arXiv ID and title verified; Hugging Face model card is not treated as code repository.
MR-JEPA: A General Purpose Video Foundation Model for Cardiac MRI,https://arxiv.org/abs/2608.30975,,2026,"Jacob, Athira J.; Sharma, Puneet; Comaniciu, Dorin; Rueckert, Daniel",arXiv preprint; MICCAI 2026 STACOM workshop per manuscript citation,arXiv,Medical Imaging > Cardiac Imaging,Cardiac imaging,Cardiology,Cardiac MRI video,General-purpose cardiac MRI video representation,Video JEPA,MR-JEPA,10.48550/arXiv.2608.30975,,,No verified official implementation located,No,Yes,Direct Medical JEPA,Metadata verified; code not verified,arXiv identity verified; workshop venue as reported in manuscript bibliography.
IQ-JEPA: A Joint-Embedding Predictive Architecture with a Hermitian Vision Transformer for Sound Speed and Attenuation Estimation from Ultrasound IQ Data,https://arxiv.org/abs/2607.22351,,2026,"Sode, Masashi; Pinton, Gianmarco",arXiv preprint,arXiv,Medical Imaging > Ultrasound,Medical imaging,Ultrasound,Complex ultrasound IQ data,Sound-speed and attenuation estimation,JEPA,IQ-JEPA,10.48550/arXiv.2607.22351,,,No verified official implementation located,No,Yes,Direct Medical JEPA,Metadata verified; code not verified,"arXiv record verifies title, authors and modality; no official code link located."
Laya: A LeJEPA Approach to EEG via Latent Prediction over Reconstruction,https://arxiv.org/abs/2603.16281,,2026,"Panchavati, Saarang; Panchavati, Uddhav; Nariai, Hiroki; Arnold, Corey; Speier, William",arXiv preprint,arXiv,Physiological Signals > EEG,Physiological signals,Neurology,EEG,EEG representation learning and transfer,LeJEPA / SIGReg latent prediction,Laya,10.48550/arXiv.2603.16281,,,No verified official implementation located,No,Yes,Direct Medical JEPA,Metadata verified; code not verified,arXiv record verified; no verified official implementation located.
Beyond Representation Learning: A Systematic Study of Joint-Embedding Predictive Generation for 3D Brain MRI,https://arxiv.org/abs/2608.28787,,2026,"Zhou, Meng; You, Wenhao; Chen, Yuxing; Tian, Yueying",arXiv preprint,arXiv,Medical Imaging > Neuroimaging,Neuroimaging,Brain MRI,3D MRI,Joint-embedding predictive generation and representation analysis,Med-D-JEPA,Med-D-JEPA,10.48550/arXiv.2608.28787,,,No verified official implementation located,No,Yes,Direct Medical JEPA,Metadata verified; code not verified,arXiv record verified; code not verified.
STST-JEPA: Shallow-Target Spatio-Temporal Joint Embedding Prediction Architecture for EEG Self-Supervised Learning,https://arxiv.org/abs/2607.06629,,2026,"Segal, Roy; Svechinsky, Yoni; Fekete, Tomer",arXiv preprint,arXiv,Physiological Signals > EEG,Physiological signals,Neurology,EEG,Self-supervised EEG representation learning,Shallow-target spatiotemporal JEPA,STST-JEPA,10.48550/arXiv.2607.06629,,,No verified official implementation located,No,Yes,Direct Medical JEPA,Metadata verified; code not verified,arXiv record verified; code not verified.
CardioState-JEPA: Delay-Aware Cross-Modal Learning of a Shared Cardiac Representation,https://arxiv.org/abs/2608.12944,,2026,"Shafiq, Hamza; Pham, Hung Manh; Zhu, Bin; Zhou, Pan; Hu, Jun; Saeed, Aaqib",arXiv preprint,arXiv,Physiological Signals > Multimodal & ICU Monitoring,Physiological signals,Cardiology,ECG + PPG + PCG,Cross-modal shared cardiac representation,Delay-aware cross-modal JEPA,CardioState-JEPA,10.48550/arXiv.2608.12944,,,No verified official implementation located,No,Yes,Direct Medical JEPA,Metadata verified; code not verified,arXiv record verified; no verified official code repository found.
Bridging ECG and PPG: Latent-Space Prediction for Robust Physiological Analysis,https://doi.org/10.1145/3770855.3819000,,2026,"Chen, Zhaoliang; Kataria, Saurabh; Wang, Minxiao; Hu, Xiao",ACM KDD 2026,KDD,Physiological Signals > Multimodal & ICU Monitoring,Physiological signals,Cardiology,ECG + PPG,Robust cross-modal physiological analysis via latent prediction,Multimodal JEPA (LeJEPA-based),ECG–PPG JEPA,10.1145/3770855.3819000,,,No verified official implementation located,No,Yes,Direct Medical JEPA,Metadata verified; code not verified,Included as latent-space predictive SSL; paper title does not establish that it is a named JEPA architecture.
Physio-JEPA for ICU Signals: Temporal Multimodal Explainability and the Temporal Range Coherence Metric for Ventricular Tachycardia Alarm Validation,https://doi.org/10.1109/NeuroNT71829.2026.11650778,,2026,"Kuznetsov, Egor M.; Averkin, Alexey N.; Trofimov, Yuri V.; Lopatin, Maxim A.; Kondrashova, Elizabeth S.",NeuroNT 2026 proceedings (IEEE),IEEE NeuroNT,Physiological Signals > Multimodal & ICU Monitoring,Physiological signals,Critical care / arrhythmia monitoring,Multimodal ICU signals,Ventricular tachycardia alarm validation and explainability,Physio-JEPA,Physio-JEPA for ICU Signals,10.1109/NeuroNT71829.2026.11650778,,,No verified official implementation located,No,Yes,Direct Medical JEPA,Metadata verified; code not verified,DOI is supplied in the bibliography and conference contents corroborate the title; code not verified.
Scaling Video Pretraining for Surgical Foundation Models,https://arxiv.org/abs/2603.29966,https://github.com/Siiichenggg/SurgRec,2026,Sicheng Lu; Zikai Xiao; Jianhui Wei; Danyu Sun; Qi Lu; Keli Hu; Yang Feng; Jian Wu; Zongxin Yang; Zuozhu Liu,arXiv preprint,arXiv,Surgical Video,Surgical video,Surgery / endoscopy,Surgical video,Foundation pretraining and downstream video understanding,SurgRec-JEPA (alongside SurgRec-MAE),SurgRec-JEPA,10.48550/arXiv.2603.29966,https://github.com/Siiichenggg/SurgRec,,Verified official repository,Yes,Yes,Direct Medical JEPA,Metadata and official code verified,"Official repository README identifies paper models, including SurgRec-JEPA; paper itself is titled Scaling Video Pretraining for Surgical Foundation Models."
Cell-JEPA: Latent Representation Learning for Single-Cell Transcriptomics,https://arxiv.org/abs/2602.02093,,2026,"ElSheikh, Ali; Wang, Rui-Xi; Wu, Weimin; Wen, Yibo; Dibaeinia, Payam; Zhang, Jennifer Yuntong; Hu, Jerry Yao-Chieh; Knudson, Mei; Babu, Sudarshan; Sun, Shao-Hua; Khan, Aly A.; Liu, Han",arXiv preprint,arXiv,Molecular & Single-Cell Biology > Single-Cell Transcriptomics,Molecular / cellular biology,Single-cell biology,Single-cell transcriptomics,"Cell-type representation, clustering and perturbation prediction",JEPA,Cell-JEPA,10.48550/arXiv.2602.02093,,,No verified official implementation located,No,Yes,Direct Medical JEPA,Metadata verified; code not verified,Authoritative arXiv metadata verified; a repository found in search was third-party and is intentionally not listed.
BioM-JEPA: Joint-Embedding Prediction of Graph-Connected Gene Blocks in Single Cells,https://arxiv.org/abs/2608.05928,,2026,"Wang, Yuhao; Zang, Zelin; Liu, Yuxuan; Lei, Zhen; Li, Stan Z.",arXiv preprint,arXiv,Molecular & Single-Cell Biology > Single-Cell Transcriptomics,Molecular / cellular biology,Single-cell biology,Single-cell transcriptomics,Gene-block and cell-state representation learning,Graph-block JEPA,BioM-JEPA,10.48550/arXiv.2608.05928,,,No verified official implementation located,No,Yes,Direct Medical JEPA,Metadata verified; code not verified,ArXiv record says training code/checkpoint will be released via GitHub; no current repository link listed.
The Patient is not a Moving Document: A World Model Training Paradigm for Longitudinal EHR,https://arxiv.org/abs/2601.22128,,2026,"Adam, Irsyad; Chen, Zekai; Laprade, David; Porwal, Shaun; Laub, David; Reinertsen, Erik; Pekis, Arda; Brown, Kevin",arXiv preprint,arXiv,EHR & Clinical Trajectories,EHR / clinical trajectories,Oncology and pulmonary embolism care,Longitudinal structured EHR,Predict future patient state and encode disease dynamics,JEPA + next-token prediction,SMB-Structure,10.48550/arXiv.2601.22128,,,No verified official implementation located,No,Yes,Direct Medical JEPA,Metadata verified; code not verified,"ArXiv explicitly describes a JEPA latent objective; weights are available, but no official code repository is stated."
Masked and Predictive Self-Supervised Foundation Models for 3D Brain MRI,https://arxiv.org/abs/2606.13315,,2026,Esra Ergün; Hersh Chandarana; Dan Sodickson; Gözde Ünal,arXiv preprint,arXiv,Medical Imaging > Neuroimaging,Neuroimaging,Brain disease detection,3D MRI,Compare MAE and JEPA objectives across disease detection tasks,JEPA objective with variance–covariance regularization,MAE vs JEPA comparison,,,,No verified official implementation located,No,No,JEPA-inspired Medical,Metadata verified; code not verified,New in final gap-search; the paper explicitly evaluates a JEPA framework alongside MAE.
Hierarchical Joint-Embedding Predictive Architecture for Multi-Scale Medical Image Segmentation,https://doi.org/10.1145/3805862.3805932,,2026,Khoa Dang Dang Le; Nguyen Nhu Son; Giang Long Nguyen; Hiep Xuan Huynh,ICIIT '26: Proceedings of the 2026 11th International Conference on Intelligent Information Technology (ACM),ACM ICIIT,Medical Imaging > Neuroimaging,Medical imaging,Neuro-oncology,Brain MRI (FLAIR/T2),Multiscale brain-tumor segmentation,Hierarchical JEPA,H-Seg-JEPA,10.1145/3805862.3805932,,,No verified official implementation located,No,No,Direct Medical JEPA,Metadata verified; code not verified,"New in final gap-search; ACM Digital Library record verifies DOI, title, authors and venue. No official code located."
LC-JEPA: A Logic-Constrained Self-Supervised Framework for Trustworthy ECG Arrhythmia Analysis,https://doi.org/10.55092/bi20260001,,2026,Bailing Zhang; Genlang Chen; Yuan Miao,Biomedical Informatics (ELSPublishing),Biomedical Informatics,Physiological Signals > ECG,Physiological signals,Cardiology,ECG,Arrhythmia analysis with logic constraints,Logic-constrained JEPA,LC-JEPA,10.55092/bi20260001,,,No verified official implementation located,No,No,Direct Medical JEPA,Metadata verified; code not verified,"New in final gap-search; publisher record verifies title, authors, DOI, date and clinical task. No code link found."
Hierarchical Self-Supervised Representation Learning Framework for Multivariate Time Series Grounded in ECG Analysis,https://arxiv.org/abs/2607.01145,,2026,Siwon Kim,arXiv preprint,arXiv,Physiological Signals > ECG,Physiological signals,Cardiology,12-lead ECG,Hierarchical multivariate time-series representation and classification,Event Reconstruction JEPA (two stacked JEPAs),ER-JEPA,,,,No verified official implementation located,No,No,Direct Medical JEPA,Metadata verified; code not verified,"New in final gap-search; arXiv says code will be made public soon, so code field is blank."
Pretext Matters: An Empirical Study of SSL Methods in Medical Imaging,https://arxiv.org/abs/2603.22649,,2026,"Ivezić, Vedrana; Pleasure, Mara; Radhachandran, Ashwath; Panchavati, Saarang; Athreya, Shreeram; Sant, Vivek; Emert, Benjamin; Fishbein, Gregory; Arnold, Corey; Speier, William",arXiv preprint,arXiv,Medical Imaging > Multi-modality Imaging,Comparative medical self-supervised learning study,Medical imaging: ultrasound and histopathology,Ultrasound; histopathology whole-slide images,Compare representation quality on clinical classification tasks; linear probing for ultrasound and attention-based MIL for histopathology,I-JEPA applied to medical images,I-JEPA; compared with MAE and DINOv3,10.48550/arXiv.2603.22649,,,No verified official implementation located,No,Yes,Direct Medical JEPA,Verified from arXiv record and full text; no official code verified,The full paper explicitly trains/evaluates I-JEPA on medical ultrasound and histopathology alongside MAE and DINOv3. No official code repository verified. The pasted notes say this work was already cited in the survey; it was missing from the prior CSV.
SleepJEPA: Learning the latent world of sleep with at-home sleep data to estimate disease risk,https://www.medrxiv.org/content/10.64898/2026.03.20.26348834v3,https://github.com/benmfox/SleepJEPA,2026,"Fox, Benjamin; Jiang, Joy; Hoang, Dung T.; Brush, Elizabeth; Boulgakov, Pavel; Wickramaratne, Sajila; Sakhuja, Ankit; Cohen, Oren; Suarez-Farinas, Mayte; Shah, Neomi A.; Parekh, Ankit; Nadkarni, Girish N.","medRxiv preprint; related abstract in Sleep 49 (Suppl. 1), 2026",medRxiv,Physiological Signals > Multimodal & ICU Monitoring,Physiological signals,"Sleep medicine; cardiovascular, metabolic and neurological disease risk","Multichannel at-home polysomnography (EEG, EOG, EMG and other physiological signals)",Sleep representation learning; sleep-stage/sleepiness prediction and long-term disease-risk estimation,"JEPA; context encoder, EMA target encoder and predictor",SleepJEPA,10.64898/2026.03.20.26348834,https://github.com/benmfox/SleepJEPA,https://bdsp.io/content/hsp/2.0/,Verified official repository,Yes,No,Direct Medical JEPA,"Verified against medRxiv manuscript, PubMed record, official author-linked GitHub repository and OUP abstract",The medRxiv manuscript specifies latent prediction of masked signal-token targets using context and EMA target encoders plus a predictor. The official repository is linked by the authors and contains training code. Distinct from an earlier similarly named conference abstract; this row uses the full medRxiv manuscript. Preprint is not peer reviewed.
Multimodal EEG World Model: Self-Supervised Latent Transition Learning for Wearable EEG Seizure Detection,https://www.medrxiv.org/content/10.64898/2026.07.20.26358450v1,,2026,"Yin, Ziyuan; Zhu, Hongyi",medRxiv preprint,medRxiv,Physiological Signals > EEG,Biomedical signal representation learning,Epilepsy; wearable seizure detection,"EEG, ECG, EMG and movement signals",Predict next-segment EEG latent conditioned on synchronized ECG/EMG/movement representations; downstream seizure detection,JEPA-inspired next-latent transition prediction,Multimodal EEG World Model,10.64898/2026.07.20.26358450,,https://openneuro.org/datasets/ds005873/versions/1.1.0,No verified official implementation located,No,No,JEPA-inspired Medical,"Verified from authoritative medRxiv record, full text and data-availability page","Paper predicts the next EEG-segment latent from the current EEG latent conditioned on synchronized ECG, EMG and movement representations. It is a Le World Model-style predictive latent method, not presented as canonical I-JEPA/V-JEPA. No official code repository verified."
ST-JEPA: Joint-Embedding Predictive Architecture for Spatial Transcriptomics,https://icml.cc/virtual/2026/71697,,2026,"Birk, Sebastian; Vahidi, Amirhossein; Sanian, Mohammad V.; Merchant, Arpit; Lotfollahi, Mohammad",ICML 2026 Workshop: Structured Data for Health,ICML Workshop,Molecular & Single-Cell Biology > Spatial Omics,Spatial transcriptomics,Spatial transcriptomics / tissue biology,Spatial gene-expression measurements with cell spatial coordinates,"Hierarchical cell, gene and neighborhood representation pretraining for niche identification and batch integration",JEPA; multi-scale graph tokenization and latent representation prediction,ST-JEPA,,https://openreview.net/forum?id=yxVgpY33qS,,No verified official implementation located,No,No,Direct Medical JEPA,"Verified from official ICML listing; linked OpenReview forum identified, but no official implementation verified","Distinct from STST-JEPA, which is already in the previous CSV. Official ICML listing verifies title, authors and workshop. No paper-specific official code or DOI verified; an unrelated TERRA repository is not attributed to this paper."
CellWorld: From Gene-Level Reconstruction to Latent Cell Prediction in Spatial Transcriptomics Foundation Models,https://arxiv.org/abs/2608.06659,https://github.com/UoM-HealthAI/CellWorld,2026,"Liu, Haiping; Zhao, Qian; Lin, Lijing; Sun, Jingyuan; Zhou, Hongpeng",arXiv preprint,arXiv,Molecular & Single-Cell Biology > Spatial Omics,Spatial transcriptomics foundation model,Biomedical spatial transcriptomics / tissue-cell biology,"Spatial gene-expression profiles, coordinates, organ and platform metadata","Predict latent representations of masked cells from visible spatial context; cell annotation, tissue-region prediction and niche-composition regression",JEPA with EMA target encoder and predictor,CellWorld,10.48550/arXiv.2608.06659,https://github.com/UoM-HealthAI/CellWorld,,Verified official repository,Yes,No,Direct Medical JEPA,Verified from arXiv record/full text and author-linked official GitHub repository,"The paper describes latent prediction of masked cell representations rather than gene-level reconstruction, and specifies context/EMA-target encoders plus predictor. The repository identifies itself as the canonical implementation used in the paper. Distinct from Cell-JEPA, ST-JEPA and scJEPA."
Multi-scale modeling of human tissues from spatial transcriptomics with TERRA,https://www.biorxiv.org/content/10.64898/2026.07.29.741565v1,https://github.com/Lotfollahi-lab/terra,2026,"Birk, Sebastian; Sanian, Mohammad Vali; Vahidi, Amirhossein; Ogden, Samuel; Jafree, Daniyal J.; Feriz, Adib Miraki; Leonardi, Carlo; Merchant, Arpit; He, Zichen; Steele, Lloyd; Boxall, Adam; Sallese, Marta Rosa; Maaskola, Jonas; Ramírez-Suástegui, Ciro; Öğüt, Sevda; Rademaker, Koen; Vijayabaskar, M. S.; Cakir, Batuhan; Salas, Sergio Marco; Lorenzi, Valentina; Bryant, Josephine M.; Kyany’a, Cecilia; Jones, James O.; Rahbari, Raheleh; Raghubar, Arti Mala; Stewart, Grant D.; Rumney, Benjamin; Tudor, Catherine; Patel, Minal; Halliwell, Jasmine; Chan, Hon Man; Li, Tong; Stanley, Heather; Foster, April Rose; Memi, Fani; Roberts, Kenny; Trinh, Andrew L.; Tuck, Elizabeth; Gracia, Tannia; Rai, Shreya; Adams, David; Webb, Simone; Prete, Martin; Vento-Tormo, Roser; Nilsson, Mats; Lickert, Heiko; Theis, Fabian J.; Ardestani, Amin; Sun, James J.; Rouhani, Foad J.; Paavolainen, Lassi; Clatworthy, Menna R.; Bayraktar, Omer Ali; Mitchell, Thomas; Bakhti, Mostafa; Lotfollahi, Mo",bioRxiv preprint,bioRxiv,Molecular & Single-Cell Biology > Spatial Omics,Spatial transcriptomics foundation model,"Human tissue biology, including inflammatory skin disease and kidney cancer",Imaging-based spatial transcriptomics; gene expression with spatial cell-neighborhood context,"Self-supervised gene/cell/neighborhood representations; spatial niche analysis, atlasing and in-silico perturbation",JEPA; masked context/target gene-token latent prediction,TERRA (Tissue Environment Relational Representation Architecture),10.64898/2026.07.29.741565,https://terra-st.readthedocs.io/en/latest/index.html,,Verified official repository,Yes,No,Direct Medical JEPA,"Verified against bioRxiv DOI/full text, official author-lab repository and project documentation","The preprint describes a latent JEPA objective predicting masked target gene-token representations from spatial context, with large-scale pretraining (>112 million human cells). Official author-lab repository and project documentation match this manuscript. Distinct from ST-JEPA."
Phenomenon-Graph JEPA: Label-Efficient Representation Learning for Contactless Cardiorespiratory Sensing,https://arxiv.org/abs/2609.32928,,2026,"Álvarez Casado, Constantino; Nguyen, Nhi; Rahman, Mohammad Rakibur; Nguyen, Le; Lage Cañellas, Manuel; Sharifipour, Sasan; Bordallo López, Miguel",arXiv preprint,arXiv,Physiological Signals > Multimodal & ICU Monitoring,Physiological sensing,Contactless cardiorespiratory sensing / physiological monitoring,Time-series from mmWave radar and RGB-D camera streams,Predictive representation pretraining; breathing-activity and body-pose classification,Phenomenon-Graph JEPA; cross-stream graph and forward-time prediction of target embeddings,Phenomenon-Graph JEPA,10.48550/arXiv.2609.32928,,,No verified official implementation located,No,No,Direct Medical JEPA,Verified against primary arXiv record and full text; subsequent venue not confirmed,ArXiv full text confirms latent target-embedding prediction across typed cross-stream links and forward in time. Submitted 26 Sep 2026; the paper says an IEEE submission is under consideration but no confirmed venue was found. No official code or dataset link verified.
What masking geometry works best for EEG foundation models?,https://arxiv.org/abs/2609.33487,https://github.com/PierreGtch/eeg-fm-masking,2026,"Guetschel, Pierre; Aristimunha, Bruno; El Ouahidi, Yassine; Delorme, Arnaud; Moreau, Thomas; Tangermann, Michael",arXiv preprint,arXiv,Physiological Signals > EEG,EEG foundation models,Clinical and cognitive neuroscience,EEG,Compare masking strategies for JEPA and MAE pretraining; frozen linear-probe evaluation on 12 OpenEEGBench datasets,JEPA with EMA teacher and latent-space prediction,EEG-FM-Masking configurations,10.48550/arXiv.2609.33487,https://pierregtch.github.io/eeg-fm-masking,https://github.com/braindecode/OpenEEGBench,Verified official repository,Yes,No,Direct Medical JEPA,Verified against arXiv record/full text and author-linked project page/repository,Paper explicitly trains JEPA alongside MAE and describes masked-target latent prediction with EMA targets. The author project page links this official repository. No separate peer-reviewed venue identified; arXiv DOI registration was pending per record.
"Predicting Functions, Not Features: KANs with Function-Space Joint-Embedding Predictive Learning for Medical Image Segmentation",https://arxiv.org/abs/2608.12050,,2026,"Liu, Yungeng; Fang, Xuanzi; Zhang, Yuge; Ren, Shuqi; Zeng, Haijin; Chen, Yongyong",arXiv preprint,arXiv,Medical Imaging > Multi-modality Imaging,Medical image segmentation,Medical imaging: ultrasound and endoscopic/colorectal imaging,Medical images,Function-space predictive auxiliary objective for supervised segmentation; five benchmark datasets,FS-JEPA; KAN function-space masked online prediction against full-context EMA targets,FS-JEPA,10.48550/arXiv.2608.12050,,,No verified official implementation located,No,Yes,Direct Medical JEPA,Verified from arXiv record and full text; no official code/project repository verified,"The paper predicts structured KAN edge-function signatures from masked context against a full-context EMA target branch, explicitly following JEPA. The target is a function signature, not a classification boundary. Evaluated on BUSI, DDTI, TN3K, CVC and GlaS. The pasted notes say FS-JEPA was already a late-discovered survey lead; no official code repository verified."
Seg-JEPA: Joint-Embedding Predictive Architecture for Self-Supervised Medical Image Segmentation,https://link.springer.com/chapter/10.1007/978-981-92-0068-9_7,,2026,"Le, Khoa Dang Dang; Son, Nguyen Nhu; Nguyen, Giang Long; Huynh, Hiep Xuan","ACIIDS 2026, Communications in Computer and Information Science, vol. 2964, pp. 86–101 (Springer)",ACIIDS,Medical Imaging > Radiology,Medical imaging / segmentation,Tuberculosis / chest radiology,Chest X-ray,Self-supervised pretraining and label-efficient segmentation of medical images,JEPA; image latent-feature prediction with affine transformations and knowledge-based masking,Seg-JEPA,10.1007/978-981-92-0068-9_7,,,No verified official implementation located,No,Yes,Direct Medical JEPA,Verified from Springer publisher record and DOI resolver; no official code verified,Distinct from H-Seg-JEPA in the previous CSV: Springer verifies this separately titled paper with its own authors and DOI. Abstract describes semantic-feature prediction in latent space and tuberculosis chest-X-ray segmentation. No official code or dataset link verified. The pasted notes identify this as an existing late-discovered survey lead.
JEPA-DNA: Grounding Genomic Foundation Models through Joint-Embedding Predictive Architectures,https://arxiv.org/abs/2602.17162,https://github.com/NVIDIA-BioNeMo/JEPA-DNA,2026,"Larey, Ariel; Dahan, Elay; Bleiweiss, Amit; Kellerman, Raizy; Leib, Guy; Nayshool, Omri; Ofer, Dan; Zinger, Tal; Dominissini, Dan; Rechavi, Gideon; Bussola, Nicole; Lee, Simon; O’Connell, Shane; Hoang, Dung; Wirth, Marissa; Charney, Alexander W.; Daniel, Nati; Shavit, Yoli",arXiv preprint,arXiv,Molecular & Single-Cell Biology > Genomics & Proteins,Genomics / molecular biology,Genomics; variant-effect prediction and cancer-related biomedical research,DNA nucleotide sequences / genomic sequence embeddings,Genomic latent grounding; benchmark evaluations including reference-versus-variant effect prediction,"JEPA with EMA target encoder and predictor, alongside generative objective",JEPA-DNA,10.48550/arXiv.2602.17162,https://github.com/NVIDIA-BioNeMo/JEPA-DNA,,Verified official repository,Yes,No,Direct Medical JEPA,Verified against arXiv record/full text and official project repository,"The paper makes masked genomic-segment latent prediction a central objective and evaluates variant-effect prediction. This is biomedical genomics, not a patient-care study. The official NVIDIA-BioNeMo repository links the paper and reproduction materials."
ProtJEPA: A Multimodal Joint-Embedding Predictive Architecture for Protein Biological World Modeling with Multi-Teacher Modality-Attentive Fusion,https://www.biorxiv.org/content/10.64898/2026.08.03.742606v1,,2026,"Ravideshik, Vaibhava Lakshmi; Kim, Jinha; Kellis, Manolis",bioRxiv preprint,bioRxiv,Molecular & Single-Cell Biology > Genomics & Proteins,Protein biology / biomedical representation learning,Protein function and drug-target evaluation,Protein sequence student predicts joint teacher targets from multiple protein-related modalities,"Predict multimodal biological-context latents; evaluate annotation, enzyme classification, localization, drug-target interaction and disorder prediction",Multimodal JEPA; sequence student predicts multi-teacher joint targets,ProtJEPA,10.64898/2026.08.03.742606,,,No verified official implementation located,No,No,Direct Medical JEPA,Verified against authoritative bioRxiv record and DOI,The bioRxiv abstract describes a sequence-only student predicting ten modality joint embeddings and includes drug-target interaction evaluation. Distinct from the separate ProteinJEPA paper at arXiv:2605.07554. No author/official code or dataset link verified.
SpatialJEPA: JEPA-inspired graph-context distillation for spatially aware multiomics integration,https://www.biorxiv.org/content/10.64898/2026.07.21.739810v1,https://github.com/li-lab-mcgill/SpatialJEPA,2026,"Mann-Krzisnik, Dylan; Li, Yue",bioRxiv preprint; accepted as a short paper at CIBB 2026,bioRxiv,Molecular & Single-Cell Biology > Spatial Omics,Spatial multiomics integration,Biomedical genomics / spatial transcriptomics and chromatin accessibility,Paired RNA-ATAC multiomics with spatial-neighborhood graph,Transfer spatial context to dissociated single-cell multiome data; align source/target and recover spatially organized programs,JEPA-inspired graph-context teacher–student latent distillation,SpatialJEPA,10.64898/2026.07.21.739810,https://github.com/li-lab-mcgill/SpatialJEPA,,Verified official repository,Yes,No,JEPA-inspired Medical,Verified against bioRxiv paper and author-lab repository,"The paper distills full spatial-neighborhood teacher embeddings to a self-only student view. It is a latent cross-view representation objective but not a canonical JEPA with a separately identified target-prediction head, so classified as JEPA-inspired. Repository README links the same paper and reports CIBB 2026 acceptance."
S-JEPA: towards seamless cross-dataset transfer through dynamic spatial attention,https://doi.org/10.3217/978-3-99161-014-4-003,https://github.com/braindecode/braindecode/blob/master/braindecode/models/signal_jepa.py,2024,"Guetschel, Pierre; Moreau, Thomas; Tangermann, Michael","9th Graz Brain-Computer Interface Conference 2024, pp. 11-16",Graz BCI,Physiological Signals > EEG,EEG representation learning,Neurology / brain-computer interfaces,EEG,"Cross-dataset transfer for BCI decoding: motor imagery, ERP and SSVEP",Signal-JEPA with spatial block masking,S-JEPA,10.3217/978-3-99161-014-4-003,,,Verified official repository,Yes,,Direct Medical JEPA,Verified against the arXiv record (journal ref and DOI) and the braindecode source file header,"Found via AbdelStark/awesome-jepa. arXiv:2403.11772. The official implementation is the SignalJEPA model in the braindecode library, written by first author Pierre Guetschel; the star count shown is for the whole braindecode repository."
